Title,Category,Categories,Authors,Price in NIS,Year,Synopsis,Synopsis length,Price in USD,StarRating,NumberOfReviews,Language,Format,Dimensions,Dimensions unit,Weight,Weight unit,ISBN,num_authors,is_expensive
"84, Charing Cross Road - Hanff, Helene","Biography: writersAntiques, vintage and collectibles: books, manuscripts, ephemera and printed material","Biographies Literature Literay Studies, Biographies, General, Writers",Helene Hanff,51.71,1990.0,"""Those who have read The Guernsey Literary and Potato Peel Pie Society,  a novel comprised of only letters between the characters, will see how much that best-seller owes 84, Charing Cross Road."" -- Medium.com A heartwarming love story about people who love books for readers who love books This funny, poignant, classic love story unfolds through a series of letters between Helene Hanff, a freelance writer living in New York City, and a used-book dealer in London at 84, Charing Cross Road. Through the years, though never meeting and separated both geographically and culturally, they share a charming, sentimental friendship based on their common love for books. Discover the relationship that has touched the hearts of thousands of readers around the world, and was the basis for a film starring Anthony Hopkins and Anne Bancroft.",836,17.18,5.0,2,English,Paperback,"19.3, 13.9, 0.8",cm,1.05,,9780140143508,1,False
Arcanum Unbounded: The Cosmere Collection - Brandon Sanderson,"Anthologies: generalEpic/heroic fantasyShort stories, tales","Biographies Literature Literay Studies, Biographies, Anthologies",Brandon Sanderson,48.82,2018.0,"From #1 New York Times bestselling author Brandon Sanderson―creator of The Stormlight Archive, the Mistborn Saga, and countless bestselling works of science fiction and fantasy―this iconic short fiction collection features stories set across the Cosmere universe. The Stormlight Archive novella ""Edgedancer"" is the crown jewel of Arcanum Unbounded: The Cosmere Collection, which includes novellas and short stories from the worlds of the Stormlight Archive, the Mistborn Saga, Elantris, and more. This collection includes: ""The Hope of Elantris"" (Elantris)""The Eleventh Metal"" (Mistborn)""The Emperor's Soul"" (Elantris)""Allomancer Jak and the Pits of Eltania, Episodes 28 through 30"" (Mistborn)""White Sand"" (excerpt; Taldain)""Shadows for Silence in the Forests of Hell"" (Threnody)""Sixth of Dusk"" (First of the Sun)""Mistborn: Secret History"" (Mistborn)""Edgedancer"" (The Stormlight Archive) These nine wonderful works, published elsewhere individually, convey the expanse of the Cosmere and tell exciting tales of adventure Sanderson fans have come to expect, including the Hugo Award-winning novella ""The Emperor's Soul"" and an excerpt from the graphic novel ""White Sand."" Finally, this collection includes essays and illustrations for the various planetary systems in which the stories are set. Other Tor books by Brandon Sanderson The CosmereThe Stormlight Archive● The Way of Kings● Words of Radiance● Edgedancer (novella)● Oathbringer● Dawnshard (novella)● Rhythm of War● Wind and Truth The Mistborn SagaThe Original Trilogy● Mistborn● The Well of Ascension● The Hero of Ages Wax and Wayne● The Alloy of Law● Shadows of Self● The Bands of Mourning● The Lost Metal Other Cosmere novels● Elantris● Warbreaker● Tress of the Emerald Sea● Yumi and the Nightmare Painter● The Sunlit Man The Alcatraz vs. the Evil Librarians series● Alcatraz vs. the Evil Librarians● The Scrivener's Bones● The Knights of Crystallia● The Shattered Lens● The Dark Talent● Bastille vs. the Evil Librarians (with Janci Patterson) Other novels● The Rithmatist● Legion: The Many Lives of Stephen Leeds● The Frugal Wizard's Handbook for Surviving Medieval England Other books by Brandon Sanderson The Reckoners● Steelheart● Firefight● Calamity Skyward● Skyward● Starsight● Cytonic● Skyward Flight (with Janci Patterson)● Defiant",2300,16.22,5.0,1,English,Paperback,"17.0, 10.4, 4.3",cm,0.35,,9780765391186,1,False
Based on a True Story: Not a Memoir  - Norm MacDonald,Biography: arts and entertainmentMemoirsHumour collections and anthologies,"Biographies Literature Literay Studies, Biographies, General, Art Show",Norm MacDonald,74.12,2017.0,"NEW YORK TIMES BESTSELLER - ""Driving, wild and hilarious"" (The Washington Post), here is the incredible ""memoir"" of the legendary actor, gambler, raconteur, and Saturday Night Live veteran.  When Norm Macdonald, one of the greatest stand-up comics of all time, was approached to write a celebrity memoir, he flatly refused, calling the genre ""one step below instruction manuals."" Norm then promptly took a two-year hiatus from stand-up comedy to live on a farm in northern Canada. When he emerged he had under his arm a manuscript, a genre-smashing book about comedy, tragedy, love, loss, war, and redemption. When asked if this was the celebrity memoir, Norm replied, ""Call it anything you damn like.""",702,24.63,,0,English,Paperback,"20.1, 13.2, 1.5",cm,0.2,kg,9780812983869,1,True
"Beating the Street  - Lynch, Peter ; Rothchild, John",Biography: business and industryInvestments and securitiesPersonal finance,"Biographies Literature Literay Studies, Biographies, General, Business Industry",Peter Lynch,50.07,,"Legendary money manager Peter Lynch explains his own strategies for investing and offers advice for how to pick stocks and mutual funds to assemble a successful investment portfolio. Develop a Winning Investment Strategy--with Expert Advice from ""The Nation's #1 Money Manager."" Peter Lynch's ""invest in what you know"" strategy has made him a household name with investors both big and small.  An important key to investing, Lynch says, is to remember that stocks are not lottery tickets. There's a company behind every stock and a reason companies--and their stocks--perform the way they do. In this book, Peter Lynch shows you how you can become an expert in a company and how you can build a profitable investment portfolio, based on your own experience and insights and on straightforward do-it-yourself research.  In Beating the Street,  Lynch for the first time explains how to devise a mutual fund strategy, shows his step-by-step strategies for picking stock, and describes how the individual investor can improve his or her investment performance to rival that of the experts.  There's no reason the individual investor can't match wits with the experts, and this book will show you how.",1196,16.64,,0,English,Paperback,"21.5, 13.9, 2.0",cm,0.31,kg,9780671891633,1,False
Come to the Edge  - Christina Haag,Biography: arts and entertainment,"Biographies Literature Literay Studies, Biographies, General, Art Show",Christina Haag,62.84,2012.0,"NEW YORK TIMES BESTSELLERThe Love Story of JFK Jr. and Christina Haag   ""Lyrically and precisely recaptures the frenetic ecstasy of early love.""--The Washington PostWhen Christina Haag was growing up on Manhattan's Upper East Side, John F. Kennedy, Jr., was just one of the boys in her circle of prep school friends, a skinny kid who lived with his mother and sister on Fifth Avenue and who happened to have a Secret Service detail following him discreetly at all times. A decade later, after they had both graduated from Brown University, Christina and John were cast in an off-Broadway play together. It was then that John confessed his long-standing crush on her, and they embarked on a five-year love affair. Glamorous and often in the public eye, but also passionate and deeply intimate, their relationship was transformative for both of them. Exquisitely written, Come to the Edge is an elegy to first love, a lost New York, and a young man with an enormous capacity for tenderness, and an adventurous spirit, who led his life with surprising and abundant grace.",1068,20.88,,0,English,Paperback,,,,,9780385523189,1,False
"Consecration to St. Joseph: The Wonders of our Spiritual Father - Calloway, MIC Donald","Biography: religious and spiritualRoman catholicism, roman catholic churchNew testamentsDevotional matters","Biographies Literature Literay Studies, Biographies, General, Religious Spiritual",MIC Donald Calloway,55.69,2020.0,"In the midst of crisis, confusion, and a world at war with the Church, it's time to come home again to our spiritual father, St. Joseph. In this richly researched and lovingly presented program of consecration to St. Joseph, Fr. Donald Calloway, MIC, brings to life the wonders, the power, and the ceaseless love of St. Joseph, Universal Patron of the Church and the Terror of Demons.",384,18.51,4.5,2,English,Paperback,"22.6, 15.2, 2.5",cm,0.52,kg,9781596144316,1,False
"Dancing at the Edge of the World: Thoughts on Words, Women, Places  - Le Guin, Ursula K.",Writing and editing guidesLiterary essaysLiterature: history and criticismGender studies: women and girls,"Language Linguistics, General, Proof Reading",Ursula K. Le Guin,57.42,1997.0,"""I have decided that the trouble with print is, it never changes its mind,"" writes Ursula Le Guin in her introduction to Dancing at the Edge of the World. But she has, and here is the record of that change in the decade since the publication of her last nonfiction collection, The Language of the Night. And what a mind -- strong, supple, disciplined, playful, ranging over the whole field of its concerns, from modern literature to menopause, from utopian thought to rodeos, with an eloquence, wit, and precision that makes for exhilarating reading.",550,19.08,,0,English,Paperback,"20.9, 13.9, 2.2",cm,0.36,kg,9780802135292,1,False
Devotions: The Selected Poems of Mary Oliver - Mary Oliver,United states of americaPoetry,"Place Qualifiers, America, North, Usa",Mary Oliver,60.59,2020.0,"Tell me, what is it you plan to dowith your one wild and precious life?-Mary Oliver, from ""The Summer Day""Pulitzer Prize-winning poet Mary Oliver presents a personal selection of her best work in this definitive collection spanning more than five decades of her esteemed literary career.“No matter where one starts reading, Devotions offers much to love.” —The Washington PostThroughout her celebrated career, Mary Oliver has touched countless readers with her brilliantly crafted verse, expounding on her love for the physical world and the powerful bonds between all living things. Identified as ""far and away, this country's best selling poet"" by Dwight Garner, she now returns with a stunning and definitive collection of her writing from the last fifty years.Carefully curated, these 200 plus poems feature Oliver's work from her very first book of poetry, No Voyage and Other Poems, published in 1963 at the age of 28, through her most recent collection, Felicity, published in 2015. This timeless volume, arranged by Oliver herself, showcases the beloved poet at her edifying best. Within these pages, she provides us with an extraordinary and invaluable collection of her passionate, perceptive, and much-treasured observations of the natural world.",1257,20.13,5.0,6,English,Paperback,"21.5, 14",cm,0.38,kg,9780399563263,1,False
"diary,divine mercy in my soul - Kowalska, Maria Faustina","Biography: generalRoman catholicism, roman catholic church","Biographies Literature Literay Studies, Biographies, General",Maria Faustina Kowalska,58.67,,"Large Print This is the book that sparked The Divine Mercy devotion -- one of the fastest growing movements in the Catholic Church today. Diary is a dramatic telling of St. Maria Faustina Kowalska's amazing encounter with The Divine Mercy -- our Lord Jesus Christ. On Mercy Sunday 2006, Pope Benedict XVI said, ""The mystery of the merciful love of God was the center of the pontificate of my venerable predecessor [Pope John Paul II] ... evidencing that the devotion to Divine Mercy is not a secondary but an integral dimension of a Christian's faith and prayer."" Diary chronicles God's message given through St. Faustina to the world to turn to His mercy. In it, we are reminded to trust in the Divine Mercy of Jesus and seek His forgiveness. And as Christ is merciful, so, too, are we instructed to be merciful to others. The message of Divine Mercy has become an integral part of Catholic faith, including the celebration of the Feast of Divine Mercy on the Sunday after Easter as Jesus had requested of St. Faustina. Diary is truly a book that inspires people to turn with trust to Jesus and guides the reader through an intimate journey of prayer and devotion that ultimately leads to God's mercy. Includes 24-page photo section. (Sizes: Hardcover/Trade Paper: 5.5"" x 8"" & Mass Market: 4.5"" x 7"").",1302,19.5,,0,English,Paperback,"20.1, 13.2, 5.1",cm,0.79,kg,9780944203040,1,False
Dream Work  - Mary Oliver,United states of americaPoetry,"Place Qualifiers, America, North, Usa",Mary Oliver,57.42,1986.0,"Dream Work, a collection of forty-five poems, follows both chronologically and logically Mary Oliver's American Primitive, which won her the Pulitzer Prize for poetry in 1983. The depth and diversity of perceptual awareness -- so steadfast and radiant in American Primitive -- continues in Dream Work. Additionally, she has turned her attention in these poems to the solitary and difficult labors of the spirit -- to accepting the truth about one's personal world, and to valuing the triumphs while transcending the failures of human relationships.",548,19.08,,0,English,Paperback,"20.9, 14.1, 0.7",cm,0.11,kg,9780871130693,1,False
"Etty Hillesum: An Interrupted Life the Diaries, 1941-1943 and Letters From Westerbork - Hillesum, Etty ; Hoffman, Eva","Related to jewish people or groupsBiography: historical, political and military","Interest Qualifiers, Social Culture, Religious Communities, Jews",Etty Hillesum,80.15,,"For the first time, Etty Hillesum's diary and letters appear together to give us the fullest possible portrait of this extraordinary woman in the midst of World War II. In the darkest years of Nazi occupation and genocide, Etty Hillesum remained a celebrant of life whose lucid intelligence, sympathy, and almost impossible gallantry were themselves a form of inner resistance. The adult counterpart to Anne Frank, Hillesum testifies to the possibility of awareness and compassion in the face of the most devastating challenge to one's humanity. She died at Auschwitz in 1943 at the age of twenty-nine.",602,26.63,,0,English,Paperback,"21.4, 14.1, 2.8",cm,0.39,kg,9780805050875,1,True
"Everybody Is a Poem: Midlife in Rhymes - Brierton, Jan",IrelandUnited kingdomPoetry,"Place Qualifiers, Europe, Western Europe, Ireland",Jan Brierton,42.3,,"For the multitaskers, the overreactors, the silent screamers and the quiet loversEverybody Is a Poem: Midlife in Rhymes is Jan Brierton's second collection. Inspired by Jan's popular podcast these 52 poems delve into the darkest and brightest moments of our day, month or year.Combining rhyme and illustration, Jan puts simple words to those deepest of feelings. She riffs on menopause, midlife, the mental load, friendships, relationships, loss and self-acceptance. Plain-speaking and completely relatable, each poem is served with Jan's signature combination of humour, wit and poignancy.This is poetry for everybody.",619,14.06,,0,English,Paperback,,,,,9781848409200,1,False
Garfield fat cat 3-Pack #1 - Jim Davis,Anthologies: generalHumour collections and anthologiesNature and the natural world: general interestAmerican/british style comic books and graphic novelsComic strips,"Biographies Literature Literay Studies, Biographies, Anthologies",Jim Davis,60.59,2003.0,"The perfect holiday gift for fans of the flabby tabby, this rollicking collection includes three books in one: Garfield at Large, Garfield Gains Weight, and Garfield Bigger Than Life. Witty, urbane, sassy, and downright delightful, here are the first three original books of pure Garfield collected in one packed volume. They tell the story of the feisty feline's birth, adoption, and growth into general wonderfulness--just in case you've forgotten--and remind us why we loved him like we do.",493,20.13,,0,English,Paperback,"22.9, 21.6, 2.0",cm,0.75,kg,9780345464552,1,False
"Genghis Khan and the Making of the Modern World  - Weatherford, Jack","EuropeAsiaBiography: historical, political and militaryEuropean history: middle agesAsian history","Place Qualifiers, Europe",Jack Weatherford,67.24,2005.0,"NEW YORK TIMES BESTSELLER - The startling true history of how one extraordinary man from a remote corner of the world created an empire that led the world into the modern age--by the author featured in Echoes of the Empire: Beyond Genghis Khan. The Mongol army led by Genghis Khan subjugated more lands and people in twenty-five years than the Romans did in four hundred. In nearly every country the Mongols conquered, they brought an unprecedented rise in cultural communication, expanded trade, and a blossoming of civilization. Vastly more progressive than his European or Asian counterparts, Genghis Khan abolished torture, granted universal religious freedom, and smashed feudal systems of aristocratic privilege. From the story of his rise through the tribal culture to the explosion of civilization that the Mongol Empire unleashed, this brilliant work of revisionist history is nothing less than the epic story of how the modern world was made.",952,22.34,,0,English,Paperback,"20.1, 13.2, 2.3",cm,0.27,kg,9780609809648,1,True
How to Read a Book: The Classic Guide to Intelligent Reading  - Mortimer J. Adler,Literature: history and criticismPhilosophy,"Biographies Literature Literay Studies, Literature",Mortimer J. AdlerCharles Van Doren,50.07,1972.0,"With half a million copies in print,  How to Read a Book is the best and most successful guide to reading comprehension for the general reader, completely rewritten and updated with new material. A CNN Book of the Week: ""Explains not just why we should read books, but how we should read them. It's masterfully done."" -Farheed Zakaria Originally published in 1940, this book is a rare phenomenon, a living classic that introduces and elucidates the various levels of reading and how to achieve them--from elementary reading, through systematic skimming and inspectional reading, to speed reading. Readers will learn when and how to ""judge a book by its cover,"" and also how to X-ray it, read critically, and extract the author's message from the text. Also included is instruction in the different techniques that work best for reading particular genres, such as practical books, imaginative literature, plays, poetry, history, science and mathematics, philosophy and social science works. Finally, the authors offer a recommended reading list and supply reading tests you can use measure your own progress in reading skills, comprehension, and speed.",1151,16.64,4.25,4,English,Paperback,"20.8, 17.1, 2.7",cm,0.37,kg,9780671212094,1,False
"How to Starve Cancer: And Then Kill it With Ferroptosis  - McLelland, Jane","Biography: science, technology and medicineCoping with cancerSelf-assertion, motivation, self-esteem and positive mental attitude","Biographies Literature Literay Studies, Biographies, General, Science Technology Medicine",Jane McLelland,85.67,2021.0,"An international publishing sensation. This page-turning inspirational read is updated with a new 'Metro Map', Jane's unique and revolutionary route map to starving cancer. A glossary and index will also be included. Written in two sections, in Part 1 Jane intertwines her remarkable life story of 'terminal cancer' to full recovery, describing how she discovered a unique cocktail of off label drugs (drugs usually prescribed for other conditions) and supplements that effectively starve the cancer stem cell, the cell left behind by conventional treatment. Treatment for the stem cell is hailed as the Holy Grail, so this book plugs the missing piece into why we do not have a cure for cancer. Lead cancer researchers at top oncology centers are now using this book as a guide and Jane has a huge following of tens of thousands on Facebook. Testimonials abound from happy and delighted recovered patients and from oncologists who use her methods. National press, TV and radio have already covered Jane's ground-breaking research. Much more is in the pipeline with two documentaries and a possible movie in the future. Jane won the 'Amazing Women Global' Lifetime Achievement 2019 and the New York Big Book Award 2019",1218,28.47,,0,English,Paperback,"22.6, 15.0, 3.0",cm,0.8,kg,9780951951743,1,True
"I saw Ramallah  - Barghouti, Mourid ; Said, Edward W. ; Soueif, Ahdaf",Middle eastLiterature: history and criticism,"Place Qualifiers, Asia, Near East",Mourid Barghouti,53.93,2003.0,"WINNER OF THE NAGUIB MAHFOUZ MEDAL FOR LITERATURE A fierce and moving work and an unparalleled rendering of the human aspects of the Palestinian predicament.  Barred from his homeland after 1967's Six-Day War, the poet Mourid Barghouti spent thirty years in exile--shuttling among the world's cities, yet secure in none of them; separated from his family for years at a time; never certain whether he was a visitor, a refugee, a citizen, or a guest. As he returns home for the first time since the Israeli occupation, Barghouti crosses a wooden bridge over the Jordan River into Ramallah and is unable to recognize the city of his youth. Sifting through memories of the old Palestine as they come up against what he now encounters in this mere ""idea of Palestine,"" he discovers what it means to be deprived not only of a homeland but of ""the habitual place and status of a person."" A tour de force of memory and reflection, lamentation and resilience, I Saw Ramallah is a deeply humane book, essential to any balanced understanding of today's Middle East.",1055,17.92,,0,English,Paperback,"20.9, 12.8, 0.8",cm,0.22,kg,9781400032662,1,False
"Initiation  - Haich, Elisabeth","Biography: generalMind, body and spirit: thought and practice","Biographies Literature Literay Studies, Biographies, General",Elisabeth Haich,76.56,2000.0,"An autobiography that connects the twentieth century European life of internationally beloved teacher Elisabeth Haich and her lucid memories of initiation into the hidden mystical teachings of the priesthood in ancient Egypt. It reveals her insights into the subtle workings of karma, reincarnation, and spiritual development.",326,25.44,,0,English,Paperback,"21.3, 14.0, 2.8",cm,0.5,kg,9780943358505,1,True
"Into the Planet: My Life as a Cave Diver  - Heinerth, Jill",Biography: adventurers and explorersMemoirsOceanography (seas and oceans),"Biographies Literature Literay Studies, Biographies, General, Adventurer Explorers",Jill Heinerth,65.73,2020.0,"From one of the world's most renowned cave divers, a firsthand account of exploring the earth's final frontier: the hidden depths of our oceans and the sunken caves inside our planetMore people have died exploring underwater caves than climbing Mount Everest, and we know more about deep space than we do about the depths of our oceans. From one of the top cave divers working today--and one of the very few women in her field--Into the Planet blends science, adventure, and memoir to bring readers face-to-face with the terror and beauty of earth's remaining unknowns and the extremes of human capability.Jill Heinerth--the first person in history to dive deep into an Antarctic iceberg and leader of a team that discovered the ancient watery remains of Mayan civilizations--has descended farther into the inner depths of our planet than any other woman. She takes us into the harrowing split-second decisions that determine whether a diver makes it back to safety, the prejudices that prevent women from pursuing careers underwater, and her endeavor to recover a fallen friend's body from the confines of a cave. But there's beauty beyond the danger of diving, and while Heinerth swims beneath our feet in the lifeblood of our planet, she works with biologists discovering new species, physicists tracking climate change, and hydrogeologists examining our finite freshwater reserves. Written with hair-raising intensity, Into the Planet is the first book to deliver an intimate account of cave diving, transporting readers deep into inner space, where fear must be reconciled and a mission's success balances between knowing one's limits and pushing the envelope of human endurance.",1684,21.84,,0,English,Paperback,"22.6, 15.0, 2.0",cm,0.32,kg,9780062691552,1,True
"Magnum Contact Sheets  - Lubben, Kristen",Photographic collectionsPhotojournalism and documentary photographyBiography: general,"Arts, Photography Photographers, Collections",Kristen Lubben,159.12,2017.0,"Available for the first time in an accessible paperback edition, this groundbreaking book presents a remarkable selection of contact sheets and ancillary material, revealing how the most celebrated Magnum photographers capture and edit the very best shots. Addressing key questions of photographic practice, the book illuminates the creative methods, strategies, and editing processes behind some of the world's most iconic images.Featured are 139 contact sheets from sixty- nine photographers, as well as zoom-in details, selected photographs, press cards, notebooks, and spreads from contemporary publications including Life magazine and Picture Post. Further insight into each contact sheet is provided by texts written by the photographers themselves or by experts chosen by the members' estates. Many of the acknowledged greats of photography are featured, including Henri Cartier- Bresson, Elliott Erwitt, and Inge Morath, as well as such members of Magnum's latest generation as Jonas Bendiksen, Alessandra Sanguinetti, and Alec Soth. The contact sheets cover over seventy years of history, from Robert Capa's Normandy landings and the Paris riots of 1968 via Bruno Barbey, to images of Che Geuvara by René Burri, Malcolm X by Eve Arnold, and portraits of classic New Yorkers by Bruce Gilden.",1299,52.87,,0,English,Paperback,"29.2, 24.1, 3.8",cm,2.81,kg,9780500292914,1,True
"Man's Search for Meaning  - Frankl, Viktor E. ; Kushner, Harold S. ; Winslade, William J.","Biography: historical, political and militaryPsychotherapyThe holocaust","Biographies Literature Literay Studies, Biographies, General, Historical Political Military",Viktor E. Frankl,60.99,2006.0,"A book for finding purpose and strength in times of great despair, the international best-seller is still just as relevant today as when it was first published. ""This is a book I reread a lot . . . it gives me hope . . . it gives me a sense of strength.""--Anderson Cooper, Anderson Cooper 360/CNN This seminal book, which has been called ""one of the outstanding contributions to psychological thought"" by Carl Rogers and ""one of the great books of our time"" by Harold Kushner, has been translated into more than fifty languages and sold over sixteen million copies. ""An enduring work of survival literature,"" according to the New York Times, Viktor Frankl's riveting account of his time in the Nazi concentration camps, and his insightful exploration of the human will to find meaning in spite of the worst adversity, has offered solace and guidance to generations of readers since it was first published in 1946. At the heart of Frankl's theory of logotherapy (from the Greek word for ""meaning"") is a conviction that the primary human drive is not pleasure, as Freud maintained, but rather the discovery and pursuit of what the individual finds meaningful. Today, as new generations face new challenges and an ever more complex and uncertain world, Frankl's classic work continues to inspire us all to find significance in the very act of living, in spite of all obstacles. A must-read companion to this classic work, a new, never-before-published work by Frankl entitled Yes to Life: In Spite of Everything, is now available in English. This book was published with two different covers. Customers will be shipped the book with one of the available covers.",1658,20.27,,0,English,Paperback,"20.4, 15.5, 1.3",cm,0.24,kg,9780807014271,1,False
Meditations (Collins Classics)  - Marcus Aurelius,"Ancient, classical and medieval texts","Biographies Literature Literay Studies, Ancient Classical Medieval Texts",Marcus Aurelius,36.94,2020.0,"HarperCollins is proud to present its incredible range of best-loved, essential classics.Our life is what our thoughts make itThe extraordinary writings of Marcus Aurelius (AD 121-180), the only Roman emperor to have also been a stoic philosopher, have for centuries been praised for their wisdom, insight and guidance by leaders and great thinkers alike. Never intended for publication, Meditations are the personal notes born from a man who studied his unique position of power as emperor while trying to uphold inner balance in the chaotic world around him.Boldly challenging many of our biggest questions, Aurelius wrestles with the divided self, considering the complexities of human nature, rationality and moral virtue, affirming its place as one of the most timeless, significant works of philosophy to date.",816,12.28,,0,English,Paperback,,,,,9780008425012,1,False
"Meditations (Marcus Aurelius)  - Aurelius, Marcus","Ancient, classical and medieval textsPhilosophy of scienceInfluence of science and technology on societyAncient greek and roman philosophy","Biographies Literature Literay Studies, Ancient Classical Medieval Texts",Marcus Aurelius,46.85,2020.0,"The Meditations are a set of personal reflections by Marcus Aurelius. He writes about the vicissitudes of his own life and explores how to live wisely and virtuously in an unpredictable world. Part of the Macmillan Collector's Library; a series of stunning, clothbound, pocket sized classics with gold foiled edges and ribbon markers. These beautiful books make perfect gifts or a treat for any book lover. This edition is translated by A. S. L. Farquharson and features an introduction by John Sellars.  Marcus Aurelius was a follower of the Stoic tradition of philosophy, and one of its finest advocates, both in the clarity of his writing and in the uprightness of his life. The aphorisms show how for him, as perhaps for us all, the answer to life lies in keeping a calm and rational mind, and in refusing to be cast down or alarmed by things over which we have no control.",877,15.57,,0,English,Hardcover,"15.7, 9.9, 1.5",cm,0.14,kg,9781529015027,1,False
Meditations  - Marcus Aurelius,Anthologies: general,"Biographies Literature Literay Studies, Biographies, Anthologies",Marcus Aurelius,37.83,,"Unabridged private reflections of the Emperor of Rome, on how one is to exist in a world of chaos. Meditations by Marcus Aurelius and in the most accepted translation by George Long, is a book that belongs on everyone’,s shelf.  A favorite of Bill Clinton and John Steinbeck, and influencer of many others for 2,000 years, it is as relevant today to those in power struggles over empires and boardrooms as it was when it was first recorded. ,  This Value Classic Reprint provides a slim volume with full text at an affordable price._,",534,12.57,,0,English,Paperback,,,,,9781945644573,1,False
Mein Kampf (German Language Edition) (in German) - Adolf Hitler,"C. 1914–c. 1918 (period of the first world war)C. 1939–c. 1945 (era of the second world war)Biography: historical, political and militaryFirst world warSecond world war","Time Period Qualifiers, C 1500 To Present, 20Th Century, Century Xx First Half, C 1910 C 1919, World War First War",Adolf Hitler,175.45,2010.0,This is Adolf Hitler's book Mein Kampf which he dictated while in prison. It is a reprint of an original German language Mein Kampf published in 1943. It includes both Mein Kampf volumes written in 1924 and 1926. This edition is in GERMAN just as it was originally written.,273,58.29,,0,German,Hardcover,"22.9, 15.2, 4.0",cm,1.09,kg,9780984158454,1,True
Mein Kampf : The Official 1939 Edition - Adolf Hitler,"Biography: historical, political and military","Biographies Literature Literay Studies, Biographies, General, Historical Political Military",Adolf Hitler,139.36,2011.0,"""The great masses of the people will more easily fall victim to a big lie than to a small one.""Adolf HitlerThe officially sanctioned English language edition of 'Mein Kampf' was translated and introduced by James Murphy. The edition using his translation was first published as a two volume set in the UK in 1939 and also in 22 weekly parts by Hutchison and Co Ltd. This authentic paperback brings together both of the original volumes complete with Murphy's 1939 introduction and a new introduction by Emmy Awardtm winning historian Bob Carruthers.Murphy's was the only translation which was officially endorsed by the Nazi party during Hitler's lifetime and as such represents an opportunity to approach the work as it was presented to contemporary readers. This was the version of 'Mein Kampf' which the Nazi party hoped would spread the gospel of National Socialism throughout the UK, but by the time publication was underway World War II had commenced. Somewhat surprisingly, publication of the weekly illustrated edition was allowed to continue although all proceeds from the sale were diverted to the British Red Cross.This new publication of the entire primary source provides the reader with access to the complete historical document and provides a unique insight into the past by reproducing 'Mein Kampf' as it was presented to British readers in the thirties.",1371,46.3,,0,English,Hardcover,"22.9, 15.2, 2.9",cm,,,9781908538697,1,True
Mi año de sexo y relajación (in Spanish) - Romina Pistolas,"Autobiography: generalAutobiography: arts and entertainmentBiography: writersHealth, relationships and personal developmentLifestyle, hobbies and leisure","Biographies Literature Literay Studies, Biographies, General, Autobiographies",Romina Pistolas,83.15,2026.0,"La figura más controver da de la escena literaria actual revela sus historias ínmas en este diariopersonal.ContenidoRominas Pistolas es chilena, su familia es de Calbuco, pero se fue a vivir a Australia donde trabajópor años como stripper. Lanzó un libro y se convir ó en un fenómeno. En medio de los cambiosque supuso exponer su vida a través de la ficción, comenzó a escribir un blog, una suerte debitácora muy personal que no pensaba publicar. Pero lo hizo.Esta vez, Romina no se guarda nada. Ya no es su alter ego literario. Con el mismo sen do del humory una refrescante pero incisiva, narra sus encuentros y desencuentros sexuales y su historia deamor y desamor con Pololo y Jota, dos gringos muy dis ntos, que comparten el corazón de Romina.A través de graciosas reflexiones y momentos de verdadera emoción, este diario es un retratoínmo, honesto y valiente de una mujer en pleno proceso de autodescubrimiento.",917,27.63,5.0,3,Spanish,Paperback,"23, 15",X,,,9789566190745,1,True
"Napoleon: A Life  - Roberts, Andrew","FranceBiography: historical, political and militaryTrue stories of war and combatEuropean history","Place Qualifiers, Europe, Western Europe, France",Andrew Roberts,80.55,2015.0,"The definitive biography of the great soldier-statesman by the acclaimed author of Churchill and The Last King of America--winner of the LA Times Book prize, finalist for the Plutarch prize, winner of the Fondation Napoleon prize and a New York Times bestseller  ""A thrilling tale of military and political genius... Roberts is an uncommonly gifted writer."" --The Washington PostAusterlitz, Borodino, Waterloo: his battles are among the greatest in history, but Napoleon Bonaparte was far more than a military genius and astute leader of men. Like George Washington and his own hero Julius Caesar, he was one of the greatest soldier-statesmen of all times.  Andrew Roberts's Napoleon is the first one-volume biography to take advantage of the recent publication of Napoleon's thirty-three thousand letters, which radically transform our understanding of his character and motivation. At last we see him as he was: protean multitasker, decisive, surprisingly willing to forgive his enemies and his errant wife Josephine. Like Churchill, he understood the strategic importance of telling his own story, and his memoirs, dictated from exile on St. Helena, became the single bestselling book of the nineteenth century.  An award-winning historian, Roberts traveled to fifty-three of Napoleon's sixty battle sites, discovered crucial new documents in archives, and even made the long trip by boat to St. Helena. He is as acute in his understanding of politics as he is of military history. Here at last is a biography worthy of its subject: magisterial, insightful, beautifully written, by one of our foremost historians.",1616,26.77,5.0,3,English,Paperback,"22.9, 15.2, 5.3",cm,0.99,kg,9780143127857,1,True
Never Finished: Unshackle Your Mind and win the war Within - David Goggins,"MemoirsExercise and physical training booksSelf-assertion, motivation, self-esteem and positive mental attitude","Biographies Literature Literay Studies, Biographies, Memories",David Goggins,97.55,,"Over 1 million copies soldThis is not a self-help book. It's a wake-up call!Can't Hurt Me, David Goggins' smash hit memoir, demonstrated how much untapped ability we all have but was merely an introduction to the power of the mind. In Never Finished, Goggins takes you inside his Mental Lab, where he developed the philosophy, psychology, and strategies that enabled him to learn that what he thought was his limit was only his beginning and that the quest for greatness is unending. The stories and lessons in this raw, revealing, unflinching memoir offer the reader a blueprint they can use to climb from the bottom of the barrel into a whole new stratosphere that once seemed unattainable. Whether you feel off-course in life, are looking to maximize your potential or drain your soul to break through your so-called glass ceiling, this is the only book you will ever need.",876,32.41,,0,English,Paperback,"22.9, 15.2, 1.8",cm,0.46,kg,9781544534077,1,True
Nobody's Girl: A Memoir of Surviving Abuse and Fighting for Justice - Virginia Roberts Giuffre,Memoirs,"Biographies Literature Literay Studies, Biographies, Memories",Virginia Roberts Giuffre,93.86,2025.0,"The unforgettable memoir by the late Virginia Roberts Giuffre, the woman who dared to take on Jeffrey Epstein and Ghislaine MaxwellThe world knows Virginia Roberts Giuffre as Jeffrey Epstein and Ghislaine Maxwell’s most outspoken victim: the woman whose decision to speak out helped send both serial abusers to prison, whose photograph with Prince Andrew catalyzed his fall from grace. But her story has never been told in full, in her own words—until now.In April 2025, Giuffre took her own life. She left behind a memoir written in the years preceding her death and stated unequivocally that she wanted it published. Nobody’s Girl is the riveting and powerful story of an ordinary girl who would grow up to confront extraordinary adversity.Here, Giuffre offers an unsparing and definitive account of her time with Epstein and Maxwell, who trafficked her and others to numerous prominent men. She also details the molestation she suffered as a child, as well as her daring escape from Epstein and Maxwell’s grasp at nineteen. Giuffre remade her life from scratch and summoned the courage to not only hold her abusers to account but also advocate for other victims. The pages of Nobody’s Girl preserve her voice—and her legacy—forever.Nobody’s Girl is an astonishing affirmation of Giuffre’s unshakable will—first, to claw her way out of victimhood, and then to shine light on wrongdoing and fight for a safer, fairer world. Equal parts intimate and fierce, it is a remarkable narrative of fortitude in the face of depravity and despair.",1537,31.19,,0,English,Hardcover,"16, 24",cm,0.64,kg,9780593493120,1,True
"not fade away,a short life well lived - Shames, Laurence ; Barton, Peter","Biography: arts and entertainmentBiography: science, technology and medicineMemoirs","Biographies Literature Literay Studies, Biographies, General, Art Show",Laurence ShamesPeter Barton,64.08,,"Some people are born to lead and destined to teach by the example of living life to the fullest, and facing death with uncommon honesty and courage. Peter Barton was that kind of person.Driven by the ideals that sparked a generation, he became an overachieving Everyman, a risk-taker who showed others what was possible. Then, in the prime of his life--hugely successful, happily married, and the father of three children--Peter faced the greatest of all challenges. Diagnosed with cancer, he began a journey that was not only frightening and appalling but also full of wonder and discovery.With unflinching candor and even surprising humor, Not Fade Away finds meaning and solace in Peter's confrontation with mortality. Celebrating life as it dares to stare down death, Peter's story addresses universal hopes and fears, and redefines the quietly heroic tasks of seeking clarity in the midst of pain, of breaking through to personal faith, and of achieving peace after bold and sincere questioning.",1000,21.29,,0,English,Paperback,"19.9, 13.5, 1.3",cm,0.18,kg,9780060737313,1,False
"One Nation Under Blackmail. Vol. 1  - Webb, Whitney Alyse","True crimeSex and sexuality, social aspectsOrganised crimeEspionage and secret services","Biographies Literature Literay Studies, Biographies, Real Stories, Crimes",Whitney Alyse Webb,86.21,2015.0,"One Nation Under Blackmail is a damning indictment of the consequences resulting from the nearly century old relationship between both US and Israeli intelligence and the organized criminal network known as the National Crime Syndicate. This book specifically explores how that nexus between intelligence and organized crime directly developed the sexual blackmail tactics and networks that would later enable the sexual blackmail operation and other crimes of deceased pedophile and sex trafficker Jeffrey Epstein. Other books on Jeffrey Epstein focus on the depraved nature of his crimes, his wealth, and his most famous/politically-connected friends and acquaintances. This book, in contrast, reveals the extent to which Epstein's activities were state-sponsored through an exploration of his intelligence connections.",821,28.65,4.5,2,English,Paperback,"22.6, 15.0, 3.0",cm,0.61,kg,9781634243018,1,True
"Remember the Time: Protecting Michael Jackson in his Final Days  - Whitfield, Bill ; Beard, Javon ; Colby, Tanner","Composers and songwritersMusicians, singers, bands and groupsBiography: arts and entertainmentMemoirs","Arts, Music, Composers",Bill WhitfieldJavon Beard,134.76,,"A compellingly candid memoir that details Jackson's life in seclusion, by the bodyguards who were with him in his final days - with a new introduction to commemorate the tenth anniversary of Michael Jackson's death .  Hounded by the tabloid media, driven from his self-made sanctuary, Neverland, Michael Jackson spent his final years moving from city to city, living with his three children in virtual seclusion -- a futile attempt to escape a world that wouldn't leave him alone. During that time, two men served as the singer's personal security team: Bill Whitfield, a former cop and veteran of the security profession, and Javon Beard, a brash, untested rookie, both single fathers themselves.  Stationed at his side nearly 24/7, their job was to see and hear everything that transpired, and to keep everyone else out, making them the only two men who know what 60 million fans around the world still want to know: What really happened to the King of Pop?  Driven by a desire to show the world who Michael Jackson truly was, Whitfield and Beard have produced the only definitive, first-person account of Michael Jackson's last years: the extreme measures necessary to protect Jackson and his family, the financial struggles that led their pay to be suspended for weeks at a time, the simple moments of happiness they managed to share in a time of great stress, the special relationship Jackson shared with his fans, and the tragic events that culminated in the singer's ill-fated comeback, This Is It. The truth is far more captivating than anything you've yet heard.  An indispensable piece of pop-culture history, Remember the Time is the story of a man struggling to live a normal life under extraordinary circumstances, of a father fighting to protect and provide for his children. Remember the Time is the book that dismantles the tabloid myths once and for all to give Michael Jackson back his humanity.",1913,44.78,,0,English,Hardcover,"23.1, 15.0, 3.3",cm,0.54,kg,9781602862500,1,True
Romeo and Juliet (No Fear Shakespeare) Side-By-Side Plain English - Sparknotes,"ShakespeareClassical and pre-20th century playsLiterary studies: plays and playwrightsLiterature handbooks, reviews and book guides","Interest Qualifiers, Social Culture, Cultural Interests, Shakespeare",Sparknotes,37.23,2003.0,"Read Shakespeare's plays in all their brilliance--and understand what every word means!  Don't be intimidated by Shakespeare! These popular guides make the Bard's plays accessible and enjoyable. Each No Fear guide contains: The complete text of the original playA line-by-line translation that puts the words into everyday languageA complete list of characters, with descriptionsPlenty of helpful commentary",407,12.37,,0,English,Paperback,"18.8, 13.2, 2.0",cm,0.3,kg,9781586638450,1,False
"""Surely You're Joking, mr. Feynman! ""S Adventures of a Curious Character  - Bill Gates","Biography: science, technology and medicinePhysics","Biographies Literature Literay Studies, Biographies, General, Science Technology Medicine",Richard P. Feynman,51.25,2018.0,"Richard P. Feynman, winner of the Nobel Prize in physics, thrived on outrageous adventures. In this lively work that ""can shatter the stereotype of the stuffy scientist"" (Detroit Free Press), Feynman recounts his experiences trading ideas on atomic physics with Einstein and cracking the uncrackable safes guarding the most deeply held nuclear secrets--and much more of an eyebrow-raising nature. In his stories, Feynman's life shines through in all its eccentric glory--a combustible mixture of high intelligence, unlimited curiosity, and raging chutzpah.Included for this edition is a new introduction by Bill Gates.",618,17.03,,0,English,Paperback,"20.8, 13.7, 2.8",cm,0.32,kg,9780393355628,1,False
The Billionaire who Wasn't: How Chuck Feeney Secretly Made and Gave Away a Fortune  - Conor O'Clery,Biography: business and industry,"Biographies Literature Literay Studies, Biographies, General, Business Industry",Conor O'Clery,100.01,2013.0,"The astonishing life of the modest New Jersey businessman who anonymously gave away 10 billion dollars and inspired the giving while living movement. In this bestselling book, Conor O'Clery reveals the inspiring life story of Chuck Feeney, known as the James Bond of philanthropy. Feeney was born in Elizabeth, New Jersey, to a blue-collar Irish-American family during the Depression. After service in the Korean War, he made a fortune as founder of Duty Free Shoppers, the world's largest duty-free retail chain. By 1988, he was hailed by Forbes Magazine as the twenty-fourth richest American alive. But secretly Feeney had already transferred all his wealth to his foundation, Atlantic Philanthropies. Only in 1997 when he sold his duty free interests, was he outed as one of the greatest and most mysterious American philanthropists in modern times, who had anonymously funded hospitals and universities from San Francisco to Limerick to New York to Brisbane. His example convinced Bill Gates and Warren Buffett to give away their fortunes during their lifetime, known as the giving pledge.",1093,33.23,,0,English,Paperback,"20.8, 14.0, 2.8",cm,0.43,kg,9781610393348,1,True
The Diary of a Young Girl - Anne Frank,EuropeMemoirsEuropean history,"Place Qualifiers, Europe",Anne Frank,35.44,2014.0,"Anne Frank's diary needs no introduction. This beautifully written memoir of a young girl caught in the middle of one of the most horrific periods of human history, is a testament to the indestructible human will to persevere and survive in the face of the most adverse of circumstances. Where Anne Frank herself became one of the victims of the Second World War, her words, crowding every available inch of space in her diary, survived to keep her story and her memory alive for the rest of the world through the ages ....",523,11.78,,0,English,Paperback,,,,,9788172345198,1,False
The Essential Rumi: New Expanded Edition  - Coleman Barks,"Middle eastMedieval styleAncient, classical and medieval textsClassical and pre-20th century poetry","Place Qualifiers, Asia, Near East",Coleman Barks,68.13,2004.0,"This revised and expanded edition of The Essential Rumi includes a new introduction by Coleman Barks and more than 80 never-before-published poems of Rumi.Through his lyrical translations, Coleman Barks has been instrumental in bringing this exquisite literature to a remarkably wide range of readers, making the ecstatic, spiritual poetry of thirteenth-century Sufi Mystic Rumi more popular than ever. The Essential Rumi continues to be the bestselling of all Rumi books, and the definitive selection of his beautiful, mystical poetry.",536,22.64,,0,English,Paperback,"20.4, 13.4, 2.7",cm,0.44,kg,9780062509598,1,True
"The House with All the Lights on: Three Generations, One Roof, a Language of Light - Kirkness, Jessica","Related to people with disabilities or similar conditions, whether visible or notBiography: generalMemoirsDisability: social aspects","Interest Qualifiers, Social Culture, Physical Disability",Jessica Kirkness,69.9,,"The House With All The Lights On is a lyrical exploration of family, identity and history, and what it is to be a member of a family where the most beautiful of bonds are born in difference 'If I were to tell you our story in sign language-the story of my grandparents and me-I'd begin with a single finger touching my chest.'  Jessica Kirkness has traversed the boundary between deaf and hearing cultures all her life. Her memoir tells the story of her grandparents who grew up deaf in a hearing world--one where sign language was banned for much of the twentieth century--and weaves in her own experience as a hearing child in a family that often struggled to navigate their elders' difference.  This journey takes her from the family home to the workplaces of research audiologists, and back to England where she visits her grandparents' old schools and other family landmarks--discovering along the way how terribly their deafness has been misunderstood. The House With All The Lights On captures the universal experience of navigating complex family relationships and beautifully explores the nuances of identity in what is both a memoir and a love letter to those closest to her heart.  'A sensory window into Deaf gain and other complexities of our community.' - Asphyxia, author of The Words in My Hands  'An elegant and empathic love letter to family.' Fiona Murphy, author of The Shape of Sound",1404,23.23,5.0,1,English,Paperback,,,,,9781761069079,1,True
The Myth of Sisyphus (Vintage International)  - Albert Camus,Literary essaysEthics and moral philosophy,"Biographies Literature Literay Studies, Biographies, Literary Essays
",Albert Camus,51.71,2018.0,"A Nobel Prize-winning author delivers one of the most influential works of the twentieth century, showing a way out of despair and reaffirming the value of existence.Influenced by works such as Don Juan and the novels of Kafka, these essays begin with a meditation on suicide--the question of living or not living in a universe devoid of order or meaning. With lyric eloquence, Albert Camus brilliantly presents a crucial exposition of existentialist thought.",459,17.18,,0,English,Paperback,"20.3, 13.5, 1.3",cm,0.16,kg,9780525564454,1,False
"The Nazi and the Psychiatrist: Hermann Göring, dr. Douglas m. Kelley, and a Fatal Meeting of Minds at the end of Wwii  - El-Hai, Jack",C. 1939–c. 1945 (era of the second world war)Biography: generalTrue crimeThe holocaustSecond world war,"Time Period Qualifiers, C 1500 To Present, 20Th Century, Century Xx First Half, C 1940 C 1949, Second World War",Jack El-Hai,72.95,2014.0,"In 1945, after his capture at the end of the Second World War, Hermann Gög arrived at an American-run detention center in war-torn Luxembourg, accompanied by sixteen suitcases and a red hatbox. The suitcases contained all manner of paraphernalia: medals, gems, two cigar cutters, silk underwear, a hot water bottle, and the equivalent of 1 million in cash. Hidden in a coffee can, a set of brass vials housed glass capsules containing a clear liquid and a white precipitate: potassium cyanide. Joining Gög in the detention center were the elite of the captured Nazi regime -- Grand Admiral Döz; armed forces commander Wilhelm Keitel and his deputy Alfred Jodl; the mentally unstable Robert Ley; the suicidal Hans Frank; the pornographic propagandist Julius Streicher -- fifty-two senior Nazis in all, of whom the dominant figure was Gög.  To ensure that the villainous captives were fit for trial at Nuremberg, the US army sent an ambitious army psychiatrist, Captain Douglas M. Kelley, to supervise their mental well-being during their detention. Kelley realized he was being offered the professional opportunity of a lifetime: to discover a distinguishing trait among these arch-criminals that would mark them as psychologically different from the rest of humanity. So began a remarkable relationship between Kelley and his captors, told here for the first time with unique access to Kelley's long-hidden papers and medical records.  Kelley's was a hazardous quest, dangerous because against all his expectations he began to appreciate and understand some of the Nazi captives, none more so than the former Reichsmarshall, Hermann Gög. Evil had its charms.",1658,24.24,,0,English,Paperback,"20.8, 13.7, 2.3",cm,0.29,kg,9781610394635,1,True
The Numerical Discourses of the Buddha: A Complete Translation of the Anguttara Nikaya (Teachings of the Buddha)  - Bhikkhu Bodhi,AsiaAnthologies: general,"Place Qualifiers, Asia",Bhikkhu Bodhi,203.31,2012.0,"Discover with the original teachings of the Buddha in this thorough translation of some of the oldest Buddhist texts in the world.  Like the River Ganges flowing down from the Himalayas, the entire Buddhist tradition flows down to us from the teachings and deeds of the historical Buddha, who lived and taught in India during the fifth century B.C.E. To ensure that his legacy would survive the ravages of time, his direct disciples compiled records of the Buddha's teachings soon after his passing. In the Theravada Buddhist tradition, which prevails in Sri Lanka and Southeast Asia, these records are regarded as the definitive ""word of the Buddha."" Preserved in Pali, an ancient Indian language closely related to the language that the Buddha spoke, this full compilation of texts is known as the Pali Canon.  At the heart of the Buddha's teaching were the suttas (Sanskrit sutras), his discourses and dialogues. If we want to find out what the Buddha himself actually said, these are the most ancient sources available to us. The suttas were compiled into collections called ""Nikayas,"" of which there are four, each organized according to a different principle. The Digha Nikaya consists of longer discourses; the Majjhima Nikaya of middle-length discourses; the Samyutta Nikaya of thematically connected discourses; and the Anguttara Nikaya of numerically patterned discourses.  The Numerical Discourses  contains a full translation of the Anguttara Nikaya. The Anguttara arranges the Buddha's discourses in accordance with a numerical scheme intended to promote retention and easy comprehension. In an age when writing was still in its infancy, this proved to be the most effective way to ensure that the disciples could grasp and replicate the structure of a teaching. Here's what makes the Numerical Discourses special:   Insightful commentary from eminent scholar-monk Bhikkhu Bodhi Its comprehensive translation of the Anguttara Nikaya, part of the Pali Canon Teachings specifically for lay people and families Themes including family life, right livelihood, friendship, and meditation techniques laid out in a carefully organized thematic guide  In 2013, Venerable Bhikkhu Bodhi was awarded the 2013 Khyentse Foundation Prize for Outstanding Translation. Bhikkhu Bodhi's translation and compilation also includes a useful thematic guide to the Anguttara Nikaya, so that readers can browse the volume by topic. Find the teachings to further your practice and bring clarity to your life today by diving into this rich treasure of the Buddhist literary tradition. With this volume, readers can learn about the life of the Buddha, instructions for maintaining a harmonious household, monastic practice and lifestyle, meditation practice, and the Sangha (Buddhist community).",2781,67.55,,0,English,Hardcover,,,,,9781614290407,1,True
"the philosophy of being - Renard, Henri",Anthologies: general,"Biographies Literature Literay Studies, Biographies, Anthologies",Henri Renard,139.91,2010.0,Kessinger Publishing is the place to find hundreds of thousands of rare and hard-to-find books with something of interest for everyone!,135,46.49,,0,English,Paperback,"15.2, 22.9, 1.4",cm,0.37,kg,9781163179185,1,True
"The Pillow Book (Penguin Classics)  - Shonagon, Sei ; McKinney, Meredith ; McKinney, Meredith","JapanBiography: historical, political and militaryDiaries, correspondenceAsian history","Place Qualifiers, Asia, Oriental Lejano Oriente, Japan",Sei Shonagon,56.64,2006.0,"The classic portrayal of court life in tenth-century Japan  Written by the court gentlewoman Sei Shonagon, ostensibly for her own amusement, The Pillow Book offers a fascinating exploration of life among the nobility at the height of the Heian period, describing the exquisite pleasures of a confined world in which poetry, love, fashion, and whim dominated, while harsh reality was kept firmly at a distance. Moving elegantly across a wide range of themes including nature, society, and her own flirtations, Sei Shonagon provides a witty and intimate window on a woman's life at court in classical Japan. For more than seventy years, Penguin has been the leading publisher of classic literature in the English-speaking world. With more than 1,700 titles, Penguin Classics represents a global bookshelf of the best works throughout history and across genres and disciplines. Readers trust the series to provide authoritative texts enhanced by introductions and notes by distinguished scholars and contemporary authors, as well as up-to-date translations by award-winning translators.",1083,18.82,,0,English,Paperback,"19.7, 13.1, 2.4",cm,0.3,kg,9780140448061,1,False
The Power Broker: Robert Moses and the Fall of new York - Robert A. Caro,"Biography: historical, political and militaryUrban communitiesPolitical leaders and leadership","Biographies Literature Literay Studies, Biographies, General, Historical Political Military",Robert A. Caro,76.11,1975.0,"PULITZER PRIZE WINNER - A modern American classic, this huge and galvanizing biography of Robert Moses reveals not only the saga of one man's incredible accumulation of power but the story of his shaping (and mis-shaping) of twentieth-century New York.   One of the Modern Library's hundred greatest books of the twentieth century, Robert Caro's monumental book makes public what few outsiders knew: that Robert Moses was the single most powerful man of his time in the City and in the State of New York. And in telling the Moses story, Caro both opens up to an unprecedented degree the way in which politics really happens--the way things really get done in America's City Halls and Statehouses--and brings to light a bonanza of vital information about such national figures as Alfred E. Smith and Franklin D. Roosevelt (and the genesis of their blood feud), about Fiorello La Guardia, John V. Lindsay and Nelson Rockefeller.  But The Power Broker is first and foremost a brilliant multidimensional portrait of a man--an extraordinary man who, denied power within the normal framework of the democratic process, stepped outside that framework to grasp power sufficient to shape a great city and to hold sway over the very texture of millions of lives. We see how Moses began: the handsome, intellectual young heir to the world of Our Crowd, an idealist. How, rebuffed by the entrenched political establishment, he fought for the power to accomplish his ideals. How he first created a miraculous flowering of parks and parkways, playlands and beaches--and then ultimately brought down on the city the smog-choked aridity of our urban landscape, the endless miles of (never sufficient) highway, the hopeless sprawl of Long Island, the massive failures of public housing, and countless other barriers to humane living. How, inevitably, the accumulation of power became an end in itself.  Moses built an empire and lived like an emperor. He was held in fear--his dossiers could disgorge the dark secret of anyone who opposed him. He was, he claimed, above politics, above deals; and through decade after decade, the newspapers and the public believed. Meanwhile, he was developing his public authorities into a fourth branch of government known as ""Triborough""--a government whose records were closed to the public, whose policies and plans were decided not by voters or elected officials but solely by Moses--an immense economic force directing pressure on labor unions, on banks, on all the city's political and economic institutions, and on the press, and on the Church. He doled out millions of dollars' worth of legal fees, insurance commissions, lucrative contracts on the basis of who could best pay him back in the only coin he coveted: power. He dominated the politics and politicians of his time--without ever having been elected to any office. He was, in essence, above our democratic system.  Robert Moses held power in the state for 44 years, through the governorships of Smith, Roosevelt, Lehman, Dewey, Harriman and Rockefeller, and in the city for 34 years, through the mayoralties of La Guardia, O'Dwyer, Impellitteri, Wagner and Lindsay, He personally conceived and carried through public works costing 27 billion dollars--he was undoubtedly America's greatest builder.  This is how he built and dominated New York--before, finally, he was stripped of his reputation (by the press) and his power (by Nelson Rockefeller). But his work, and his will, had been done.",3478,25.29,5.0,3,English,Paperback,"23.4, 15.2, 4.8",cm,1.63,kg,9780394720241,1,True
The Tempest: applause first folio editions - William Shakespeare,ShakespeareClassical and pre-20th century playsClassic fiction,"Interest Qualifiers, Social Culture, Cultural Interests, Shakespeare",William Shakespeare,61.72,2000.0,"If there has ever been a groundbreaking edition that likewise returns the reader to the original Shakespeare text, it will be THE APPLAUSE FOLIO TEXTS. If there has ever been an accessible version of the Folio, it is this edition, set for the first time in modern fonts. The Folio is the source of all other editions. The Folio text forces us to re-examine the assumptions and prejudices which have encumbered over four hundred years of scholarship and performance. Notes refer the reader to subsequent editorial interventions, and offer the reader a multiplicity of interpretations. Notes also advise the reader on variations between Folios and Quartos. Prepared and annotated by Neil Freeman, Head, Graduate Directing Program, University of British Columbia.",760,20.51,,0,English,Paperback,"23.4, 15.4, 1.3",cm,0.31,kg,9781557832955,1,False
The Year of Magical Thinking  - Joan Didion,Biography: writersMemoirsGender studies: women and girls,"Biographies Literature Literay Studies, Biographies, General, Writers",Joan Didion,48.82,2007.0,"NEW YORK TIMES BESTSELLER - NATIONAL BOOK AWARD WINNER - From one of America's iconic writers, a stunning book of electric honesty and passion that explores an intensely personal yet universal experience: a portrait of a marriage--and a life, in good times and bad--that will speak to anyone who has ever loved a husband or wife or child. Several days before Christmas 2003, John Gregory Dunne and Joan Didion saw their only daughter, Quintana, fall ill with what seemed at first flu, then pneumonia, then complete septic shock. She was put into an induced coma and placed on life support. Days later--the night before New Year's Eve--the Dunnes were just sitting down to dinner after visiting the hospital when John Gregory Dunne suffered a massive and fatal coronary. In a second, this close, symbiotic partnership of forty years was over. Four weeks later, their daughter pulled through. Two months after that, arriving at LAX, she collapsed and underwent six hours of brain surgery at UCLA Medical Center to relieve a massive hematoma. This powerful book is Didion' s attempt to make sense of the ""weeks and then months that cut loose any fixed idea I ever had about death, about illness ... about marriage and children and memory ... about the shallowness of sanity, about life itself.",1290,16.22,,0,English,Paperback,"20.2, 13.3, 1.7",cm,0.23,kg,9781400078431,1,False
"Tihkal: The Continuation  - Shulgin, Alexander ; Shulgin, Ann","Biography: science, technology and medicinePopular cultureBiochemistry","Biographies Literature Literay Studies, Biographies, General, Science Technology Medicine",Alexander ShulginAnn Shulgin,98.63,1997.0,"TiHKAL: The Continuation is the sequel to PiHKAL: A Chemical Love Story but can stand alone to any reader. Where PiHKAL focuses on a class of compounds called phenethylamines, TiHKAL is written about a family of psychoactive drugs known as tryptamines with TiHKAL being an acronym for ""Tryptamines I Have Known and Loved"". Like its predecessor PiHKAL, it is divided into two parts. The first part of the book begins with the story of Alice and Shura, a fictionalized autobiography, which picks up where the similar section of PiHKAL left off. The book opens with the story about the DEA raid that occurred a few years after the publication of their first book, PiHKAL. It's a window into the DEA, the institutional aspect and human side of it as well, and the price that Shura and Alice pay for doing what they do, including exercising their first amendment rights. It then continues with a collection of essays on topics ranging from psychotherapy and the Jungian mind, to the prevalence of DMT in nature, ayahuasca, the War on Drugs, and even the Big Bang. It is a blend of travel, botanical facts, scientific speculation, psychological and political commentary. It is fascinating getting to know the mind of the man behind the compounds - his thoughts on science, technology, law, and society. And the mind of the woman who brought his work and their story into the light of the world. The second part of TiHKAL is ""The Chemistry Continues"". It is a detailed manual for 55 psychedelic compounds (many discovered by Shulgin himself). For each compound there is information on synthesis, effective dosage, duration of effects, and commentary on the subjective effects that were experienced. The Shulgins' two big books span autobiography, organic chemistry, politics, ethnobotany and psychopharmacology and the cultural impact of these works has been profound and will continue to be so in the future.",1902,32.77,5.0,2,English,Paperback,"22.9, 15.2, 3.8",cm,1.09,kg,9780963009692,1,True
"Useless Magic: Lyrics and Poetry  - Welch, Florence","Composers and songwritersMusicians, singers, bands and groupsScores, lyrics and librettiPoetryBiography: arts and entertainment","Arts, Music, Composers",Florence Welch,96.08,2018.0,"Lyrics and never-before-seen poetry and sketches from the iconic musician of Florence and the Machine Songs can be incredibly prophetic, like subconscious warnings or messages to myself, but I often don't know what I'm trying to say till years later. Or a prediction comes true and I couldn't do anything to stop it, so it seems like a kind of useless magic.",358,31.93,5.0,12,English,Hardcover,"21.8, 17.5, 2.8",cm,0.82,kg,9780525577157,1,True
"what remains,a memoir of fate, friendship, and love - Radziwill, Carole",Biography: arts and entertainmentMemoirsGender studies: women and girls,"Biographies Literature Literay Studies, Biographies, General, Art Show",Carole Radziwill,71.5,,"A stunning, tragic memoir about John F. Kennedy Jr., his wife Carolyn Bessette, and his cousin Anthony Radziwill, by Radziwill's widow. What Remains is a vivid and haunting memoir about a girl from a working-class town who becomes an award-winning television producer and marries a prince, Anthony Radziwill. Carole grew up in a small suburb with a large, eccentric cast of characters. At nineteen, she struck out for New York City to find a different life. Her career at ABC News led her to the refugee camps of Cambodia, to a bunker in Tel Aviv, and to the scene of the Menendez murders. Her marriage led her into the old world of European nobility and the newer world of American aristocracy. What Remains begins with loss and returns to loss. A small plane plunges into the ocean carrying John F. Kennedy Jr., Anthony's cousin, and Carolyn Bessette Kennedy, Carole's closest friend. Three weeks later Anthony dies of cancer. With unflinching honesty and a journalist's keen eye, Carole Radziwill explores the enduring ties of family, the complexities of marriage, the importance of friendship, and the challenges of self-invention. Beautifully written, What Remains ""gets at the essence of what matters,"" wrote Oprah Winfrey. ""Friendship, compassion, destiny.""",1264,23.76,,0,English,Paperback,"21.3, 16.1, 1.5",cm,0.25,kg,9780743277181,1,True
